-- 1. Usuario
INSERT INTO Usuario (id_usuario, nome, data_nascimento) VALUES
(1, 'Usuario 1', '1990-01-01'),
(2, 'Usuario 2', '1991-02-01'),
(3, 'Usuario 3', '1992-03-01'),
(4, 'Usuario 4', '1993-04-01'),
(5, 'Usuario 5', '1994-05-01'),
(6, 'Usuario 6', '1995-06-01'),
(7, 'Usuario 7', '1996-07-01'),
(8, 'Usuario 8', '1997-08-01'),
(9, 'Usuario 9', '1998-09-01'),
(10, 'Usuario 10', '1999-10-01'),
(11, 'Usuario 11', '1990-01-02'),
(12, 'Usuario 12', '1991-02-02'),
(13, 'Usuario 13', '1992-03-02'),
(14, 'Usuario 14', '1993-04-02'),
(15, 'Usuario 15', '1994-05-02'),
(16, 'Usuario 16', '1995-06-02'),
(17, 'Usuario 17', '1996-07-02'),
(18, 'Usuario 18', '1997-08-02'),
(19, 'Usuario 19', '1998-09-02'),
(20, 'Usuario 20', '1999-10-02'),
(21, 'Usuario 21', '1990-01-03'),
(22, 'Usuario 22', '1991-02-03'),
(23, 'Usuario 23', '1992-03-03'),
(24, 'Usuario 24', '1993-04-03'),
(25, 'Usuario 25', '1994-05-03'),
(26, 'Usuario 26', '1995-06-03'),
(27, 'Usuario 27', '1996-07-03'),
(28, 'Usuario 28', '1997-08-03'),
(29, 'Usuario 29', '1998-09-03'),
(30, 'Usuario 30', '1999-10-03'),
(31, 'Usuario 31', '1990-01-04'),
(32, 'Usuario 32', '1991-02-04'),
(33, 'Usuario 33', '1992-03-04'),
(34, 'Usuario 34', '1993-04-04'),
(35, 'Usuario 35', '1994-05-04'),
(36, 'Usuario 36', '1995-06-04'),
(37, 'Usuario 37', '1996-07-04'),
(38, 'Usuario 38', '1997-08-04'),
(39, 'Usuario 39', '1998-09-04'),
(40, 'Usuario 40', '1999-10-04');

-- 2. Endereco (1:1 com Usuario)
INSERT INTO Endereco (id_endereco, id_usuario, rua, numero, cidade, estado) VALUES
(1, 1, 'Rua A', 10, 'Cidade 1', 'CE'),
(2, 2, 'Rua B', 11, 'Cidade 2', 'SP'),
(3, 3, 'Rua C', 12, 'Cidade 3', 'RJ'),
(4, 4, 'Rua D', 13, 'Cidade 4', 'MG'),
(5, 5, 'Rua E', 14, 'Cidade 5', 'BA'),
(6, 6, 'Rua F', 15, 'Cidade 6', 'PR'),
(7, 7, 'Rua G', 16, 'Cidade 7', 'RS'),
(8, 8, 'Rua H', 17, 'Cidade 8', 'SC'),
(9, 9, 'Rua I', 18, 'Cidade 9', 'PE'),
(10, 10, 'Rua J', 19, 'Cidade 10', 'PA'),
(11, 11, 'Rua K', 20, 'Cidade 11', 'CE'),
(12, 12, 'Rua L', 21, 'Cidade 12', 'SP'),
(13, 13, 'Rua M', 22, 'Cidade 13', 'RJ'),
(14, 14, 'Rua N', 23, 'Cidade 14', 'MG'),
(15, 15, 'Rua O', 24, 'Cidade 15', 'BA'),
(16, 16, 'Rua P', 25, 'Cidade 16', 'PR'),
(17, 17, 'Rua Q', 26, 'Cidade 17', 'RS'),
(18, 18, 'Rua R', 27, 'Cidade 18', 'SC'),
(19, 19, 'Rua S', 28, 'Cidade 19', 'PE'),
(20, 20, 'Rua T', 29, 'Cidade 20', 'PA'),
(21, 21, 'Rua U', 30, 'Cidade 21', 'CE'),
(22, 22, 'Rua V', 31, 'Cidade 22', 'SP'),
(23, 23, 'Rua W', 32, 'Cidade 23', 'RJ'),
(24, 24, 'Rua X', 33, 'Cidade 24', 'MG'),
(25, 25, 'Rua Y', 34, 'Cidade 25', 'BA'),
(26, 26, 'Rua Z', 35, 'Cidade 26', 'PR'),
(27, 27, 'Rua AA', 36, 'Cidade 27', 'RS'),
(28, 28, 'Rua AB', 37, 'Cidade 28', 'SC'),
(29, 29, 'Rua AC', 38, 'Cidade 29', 'PE'),
(30, 30, 'Rua AD', 39, 'Cidade 30', 'PA'),
(31, 31, 'Rua AE', 40, 'Cidade 31', 'CE'),
(32, 32, 'Rua AF', 1, 'Cidade 32', 'SP'),
(33, 33, 'Rua AG', 2, 'Cidade 33', 'RJ'),
(34, 34, 'Rua AH', 3, 'Cidade 34', 'MG'),
(35, 35, 'Rua AI', 4, 'Cidade 35', 'BA'),
(36, 36, 'Rua AJ', 5, 'Cidade 36', 'PR'),
(37, 37, 'Rua AK', 6, 'Cidade 37', 'RS'),
(38, 38, 'Rua AL', 7, 'Cidade 38', 'SC'),
(39, 39, 'Rua AM', 8, 'Cidade 39', 'PE'),
(40, 40, 'Rua AN', 9, 'Cidade 40', 'PA');

-- 3. Livro
INSERT INTO Livro (id_livro, titulo, ano_publicacao, isbn) VALUES
(1, 'Livro 1', 2001, 'ISBN0001'),
(2, 'Livro 2', 2002, 'ISBN0002'),
(3, 'Livro 3', 2003, 'ISBN0003'),
(4, 'Livro 4', 2004, 'ISBN0004'),
(5, 'Livro 5', 2005, 'ISBN0005'),
(6, 'Livro 6', 2006, 'ISBN0006'),
(7, 'Livro 7', 2007, 'ISBN0007'),
(8, 'Livro 8', 2008, 'ISBN0008'),
(9, 'Livro 9', 2009, 'ISBN0009'),
(10, 'Livro 10', 2010, 'ISBN0010'),
(11, 'Livro 11', 2011, 'ISBN0011'),
(12, 'Livro 12', 2012, 'ISBN0012'),
(13, 'Livro 13', 2013, 'ISBN0013'),
(14, 'Livro 14', 2014, 'ISBN0014'),
(15, 'Livro 15', 2015, 'ISBN0015'),
(16, 'Livro 16', 2016, 'ISBN0016'),
(17, 'Livro 17', 2017, 'ISBN0017'),
(18, 'Livro 18', 2018, 'ISBN0018'),
(19, 'Livro 19', 2019, 'ISBN0019'),
(20, 'Livro 20', 2020, 'ISBN0020'),
(21, 'Livro 21', 2001, 'ISBN0021'),
(22, 'Livro 22', 2002, 'ISBN0022'),
(23, 'Livro 23', 2003, 'ISBN0023'),
(24, 'Livro 24', 2004, 'ISBN0024'),
(25, 'Livro 25', 2005, 'ISBN0025'),
(26, 'Livro 26', 2006, 'ISBN0026'),
(27, 'Livro 27', 2007, 'ISBN0027'),
(28, 'Livro 28', 2008, 'ISBN0028'),
(29, 'Livro 29', 2009, 'ISBN0029'),
(30, 'Livro 30', 2010, 'ISBN0030'),
(31, 'Livro 31', 2011, 'ISBN0031'),
(32, 'Livro 32', 2012, 'ISBN0032'),
(33, 'Livro 33', 2013, 'ISBN0033'),
(34, 'Livro 34', 2014, 'ISBN0034'),
(35, 'Livro 35', 2015, 'ISBN0035'),
(36, 'Livro 36', 2016, 'ISBN0036'),
(37, 'Livro 37', 2017, 'ISBN0037'),
(38, 'Livro 38', 2018, 'ISBN0038'),
(39, 'Livro 39', 2019, 'ISBN0039'),
(40, 'Livro 40', 2020, 'ISBN0040');

-- 4. Autor
INSERT INTO Autor (id_autor, nome) VALUES
(1, 'Autor 1'), (2, 'Autor 2'), (3, 'Autor 3'), (4, 'Autor 4'), (5, 'Autor 5'),
(6, 'Autor 6'), (7, 'Autor 7'), (8, 'Autor 8'), (9, 'Autor 9'), (10, 'Autor 10'),
(11, 'Autor 11'), (12, 'Autor 12'), (13, 'Autor 13'), (14, 'Autor 14'), (15, 'Autor 15'),
(16, 'Autor 16'), (17, 'Autor 17'), (18, 'Autor 18'), (19, 'Autor 19'), (20, 'Autor 20'),
(21, 'Autor 21'), (22, 'Autor 22'), (23, 'Autor 23'), (24, 'Autor 24'), (25, 'Autor 25'),
(26, 'Autor 26'), (27, 'Autor 27'), (28, 'Autor 28'), (29, 'Autor 29'), (30, 'Autor 30'),
(31, 'Autor 31'), (32, 'Autor 32'), (33, 'Autor 33'), (34, 'Autor 34'), (35, 'Autor 35'),
(36, 'Autor 36'), (37, 'Autor 37'), (38, 'Autor 38'), (39, 'Autor 39'), (40, 'Autor 40');

-- 5. Categoria
INSERT INTO Categoria (id_categoria, nome) VALUES
(1, 'Categoria 1'), (2, 'Categoria 2'), (3, 'Categoria 3'), (4, 'Categoria 4'), (5, 'Categoria 5'),
(6, 'Categoria 6'), (7, 'Categoria 7'), (8, 'Categoria 8'), (9, 'Categoria 9'), (10, 'Categoria 10'),
(11, 'Categoria 11'), (12, 'Categoria 12'), (13, 'Categoria 13'), (14, 'Categoria 14'), (15, 'Categoria 15'),
(16, 'Categoria 16'), (17, 'Categoria 17'), (18, 'Categoria 18'), (19, 'Categoria 19'), (20, 'Categoria 20'),
(21, 'Categoria 21'), (22, 'Categoria 22'), (23, 'Categoria 23'), (24, 'Categoria 24'), (25, 'Categoria 25'),
(26, 'Categoria 26'), (27, 'Categoria 27'), (28, 'Categoria 28'), (29, 'Categoria 29'), (30, 'Categoria 30'),
(31, 'Categoria 31'), (32, 'Categoria 32'), (33, 'Categoria 33'), (34, 'Categoria 34'), (35, 'Categoria 35'),
(36, 'Categoria 36'), (37, 'Categoria 37'), (38, 'Categoria 38'), (39, 'Categoria 39'), (40, 'Categoria 40');

-- 6. Funcionario
INSERT INTO Funcionario (id_funcionario, nome, data_admissao) VALUES
(1, 'Funcionario 1', '2020-01-01'), (2, 'Funcionario 2', '2020-02-01'),
(3, 'Funcionario 3', '2020-03-01'), (4, 'Funcionario 4', '2020-04-01'),
(5, 'Funcionario 5', '2020-05-01'), (6, 'Funcionario 6', '2020-06-01'),
(7, 'Funcionario 7', '2020-07-01'), (8, 'Funcionario 8', '2020-08-01'),
(9, 'Funcionario 9', '2020-09-01'), (10, 'Funcionario 10', '2020-10-01'),
(11, 'Funcionario 11', '2020-01-02'), (12, 'Funcionario 12', '2020-02-02'),
(13, 'Funcionario 13', '2020-03-02'), (14, 'Funcionario 14', '2020-04-02'),
(15, 'Funcionario 15', '2020-05-02'), (16, 'Funcionario 16', '2020-06-02'),
(17, 'Funcionario 17', '2020-07-02'), (18, 'Funcionario 18', '2020-08-02'),
(19, 'Funcionario 19', '2020-09-02'), (20, 'Funcionario 20', '2020-10-02'),
(21, 'Funcionario 21', '2020-01-03'), (22, 'Funcionario 22', '2020-02-03'),
(23, 'Funcionario 23', '2020-03-03'), (24, 'Funcionario 24', '2020-04-03'),
(25, 'Funcionario 25', '2020-05-03'), (26, 'Funcionario 26', '2020-06-03'),
(27, 'Funcionario 27', '2020-07-03'), (28, 'Funcionario 28', '2020-08-03'),
(29, 'Funcionario 29', '2020-09-03'), (30, 'Funcionario 30', '2020-10-03'),
(31, 'Funcionario 31', '2020-01-04'), (32, 'Funcionario 32', '2020-02-04'),
(33, 'Funcionario 33', '2020-03-04'), (34, 'Funcionario 34', '2020-04-04'),
(35, 'Funcionario 35', '2020-05-04'), (36, 'Funcionario 36', '2020-06-04'),
(37, 'Funcionario 37', '2020-07-04'), (38, 'Funcionario 38', '2020-08-04'),
(39, 'Funcionario 39', '2020-09-04'), (40, 'Funcionario 40', '2020-10-04');

-- 7. Livro_Autor (N:N)
-- Cada livro terá 2 autores, e cada autor participará de vários livros
INSERT INTO Livro_Autor (id_livro, id_autor) VALUES
(1, 1), (1, 2), (2, 3), (2, 4), (3, 5), (3, 6), (4, 7), (4, 8),
(5, 9), (5, 10), (6, 11), (6, 12), (7, 13), (7, 14), (8, 15), (8, 16),
(9, 17), (9, 18), (10, 19), (10, 20), (11, 21), (11, 22), (12, 23), (12, 24),
(13, 25), (13, 26), (14, 27), (14, 28), (15, 29), (15, 30), (16, 31), (16, 32),
(17, 33), (17, 34), (18, 35), (18, 36), (19, 37), (19, 38), (20, 39), (20, 40),
(21, 1), (21, 3), (22, 5), (22, 7), (23, 9), (23, 11), (24, 13), (24, 15),
(25, 17), (25, 19), (26, 21), (26, 23), (27, 25), (27, 27), (28, 29), (28, 31),
(29, 33), (29, 35), (30, 37), (30, 39), (31, 2), (31, 4), (32, 6), (32, 8),
(33, 10), (33, 12), (34, 14), (34, 16), (35, 18), (35, 20), (36, 22), (36, 24),
(37, 26), (37, 28), (38, 30), (38, 32), (39, 34), (39, 36), (40, 38), (40, 40);

-- 8. Livro_Categoria (N:N)
-- Cada livro terá 2 categorias, e cada categoria será usada por vários livros
INSERT INTO Livro_Categoria (id_livro, id_categoria) VALUES
(1, 1), (1, 2), (2, 3), (2, 4), (3, 5), (3, 6), (4, 7), (4, 8),
(5, 9), (5, 10), (6, 11), (6, 12), (7, 13), (7, 14), (8, 15), (8, 16),
(9, 17), (9, 18), (10, 19), (10, 20), (11, 21), (11, 22), (12, 23), (12, 24),
(13, 25), (13, 26), (14, 27), (14, 28), (15, 29), (15, 30), (16, 31), (16, 32),
(17, 33), (17, 34), (18, 35), (18, 36), (19, 37), (19, 38), (20, 39), (20, 40),
(21, 1), (21, 3), (22, 5), (22, 7), (23, 9), (23, 11), (24, 13), (24, 15),
(25, 17), (25, 19), (26, 21), (26, 23), (27, 25), (27, 27), (28, 29), (28, 31),
(29, 33), (29, 35), (30, 37), (30, 39), (31, 2), (31, 4), (32, 6), (32, 8),
(33, 10), (33, 12), (34, 14), (34, 16), (35, 18), (35, 20), (36, 22), (36, 24),
(37, 26), (37, 28), (38, 30), (38, 32), (39, 34), (39, 36), (40, 38), (40, 40);

-- 9. Emprestimo
INSERT INTO Emprestimo (id_emprestimo, id_usuario, id_livro, id_funcionario, data_emprestimo, data_devolucao) VALUES
(1, 1, 1, 1, '2024-05-01', '2024-05-15'),
(2, 2, 2, 2, '2024-05-02', '2024-05-16'),
(3, 3, 3, 3, '2024-05-03', '2024-05-17'),
(4, 4, 4, 4, '2024-05-04', '2024-05-18'),
(5, 5, 5, 5, '2024-05-05', '2024-05-19'),
(6, 6, 6, 6, '2024-05-06', '2024-05-20'),
(7, 7, 7, 7, '2024-05-07', '2024-05-21'),
(8, 8, 8, 8, '2024-05-08', '2024-05-22'),
(9, 9, 9, 9, '2024-05-09', '2024-05-23'),
(10, 10, 10, 10, '2024-05-10', '2024-05-24'),
(11, 11, 11, 11, '2024-05-11', '2024-05-25'),
(12, 12, 12, 12, '2024-05-12', '2024-05-26'),
(13, 13, 13, 13, '2024-05-13', '2024-05-27'),
(14, 14, 14, 14, '2024-05-14', '2024-05-28'),
(15, 15, 15, 15, '2024-05-15', '2024-05-29'),
(16, 16, 16, 16, '2024-05-16', '2024-05-30'),
(17, 17, 17, 17, '2024-05-17', '2024-05-31'),
(18, 18, 18, 18, '2024-05-18', '2024-06-01'),
(19, 19, 19, 19, '2024-05-19', '2024-06-02'),
(20, 20, 20, 20, '2024-05-20', '2024-06-03'),
(21, 21, 21, 21, '2024-05-21', '2024-06-04'),
(22, 22, 22, 22, '2024-05-22', '2024-06-05'),
(23, 23, 23, 23, '2024-05-23', '2024-06-06'),
(24, 24, 24, 24, '2024-05-24', '2024-06-07'),
(25, 25, 25, 25, '2024-05-25', '2024-06-08'),
(26, 26, 26, 26, '2024-05-26', '2024-06-09'),
(27, 27, 27, 27, '2024-05-27', '2024-06-10'),
(28, 28, 28, 28, '2024-05-28', '2024-06-11'),
(29, 29, 29, 29, '2024-05-29', '2024-06-12'),
(30, 30, 30, 30, '2024-05-30', '2024-06-13'),
(31, 31, 31, 31, '2024-05-31', '2024-06-14'),
(32, 32, 32, 32, '2024-06-01', '2024-06-15'),
(33, 33, 33, 33, '2024-06-02', '2024-06-16'),
(34, 34, 34, 34, '2024-06-03', '2024-06-17'),
(35, 35, 35, 35, '2024-06-04', '2024-06-18'),
(36, 36, 36, 36, '2024-06-05', '2024-06-19'),
(37, 37, 37, 37, '2024-06-06', '2024-06-20'),
(38, 38, 38, 38, '2024-06-07', '2024-06-21'),
(39, 39, 39, 39, '2024-06-08', '2024-06-22'),
(40, 40, 40, 40, '2024-06-09', '2024-06-23');

-- 10. Reserva
INSERT INTO Reserva (id_reserva, id_usuario, id_livro, data_reserva) VALUES
(1, 2, 3, '2024-06-01'),
(2, 3, 4, '2024-06-02'),
(3, 4, 5, '2024-06-03'),
(4, 5, 6, '2024-06-04'),
(5, 6, 7, '2024-06-05'),
(6, 7, 8, '2024-06-06'),
(7, 8, 9, '2024-06-07'),
(8, 9, 10, '2024-06-08'),
(9, 10, 11, '2024-06-09'),
(10, 11, 12, '2024-06-10'),
(11, 12, 13, '2024-06-11'),
(12, 13, 14, '2024-06-12'),
(13, 14, 15, '2024-06-13'),
(14, 15, 16, '2024-06-14'),
(15, 16, 17, '2024-06-15'),
(16, 17, 18, '2024-06-16'),
(17, 18, 19, '2024-06-17'),
(18, 19, 20, '2024-06-18'),
(19, 20, 21, '2024-06-19'),
(20, 21, 22, '2024-06-20'),
(21, 22, 23, '2024-06-21'),
(22, 23, 24, '2024-06-22'),
(23, 24, 25, '2024-06-23'),
(24, 25, 26, '2024-06-24'),
(25, 26, 27, '2024-06-25'),
(26, 27, 28, '2024-06-26'),
(27, 28, 29, '2024-06-27'),
(28, 29, 30, '2024-06-28'),
(29, 30, 31, '2024-06-29'),
(30, 31, 32, '2024-06-30'),
(31, 32, 33, '2024-07-01'),
(32, 33, 34, '2024-07-02'),
(33, 34, 35, '2024-07-03'),
(34, 35, 36, '2024-07-04'),
(35, 36, 37, '2024-07-05'),
(36, 37, 38, '2024-07-06'),
(37, 38, 39, '2024-07-07'),
(38, 39, 40, '2024-07-08'),
(39, 40, 1, '2024-07-09'),
(40, 1, 2, '2024-07-10');



insert into emprestimo(id_emprestimo, id_usuario, id_livro, id_funcionario, data_emprestimo)
values(44, 33, 3, 10, '2025-11-07');

insert into emprestimo(id_emprestimo, id_usuario, id_livro, id_funcionario, data_emprestimo)
values(43, 23, 3, 1, '2025-11-07');

insert into emprestimo(id_emprestimo, id_usuario, id_livro, id_funcionario, data_emprestimo)
values(42, 13, 3, 14, '2025-11-07');

insert into emprestimo(id_emprestimo, id_usuario, id_livro, id_funcionario, data_emprestimo)
values(41, 3, 3, 1, '2025-11-07');
